{
  "schemaVersion": 1,
  "id": "aimlock",
  "version": "${version}",
  "name": "Aimlock",
  "description": "Smooth aim lock on crosshair target only.",
  "authors": [
    "Grok"
  ],
  "contact": {
    "homepage": "",
    "sources": ""
  },
  "license": "MIT",
  "icon": "assets/aimlock/icon.png",
  "environment": "client",
  "entrypoints": {
    "client": [
      "net.grok.aimlock.AimLock"
    ]
  },
  "mixins": [],
  "depends": {
    "fabricloader": ">=0.18.4",
    "fabric-api": "*",
    "minecraft": "~1.21.1",
    "java": ">=21"
  }
}